{"stat.pickup.cm.copper_nugget":1,"stat.useItem.minecraft.bow":4,"stat.walkOneCm":3962,"stat.craftItem.cm.copper_ingot_hoe":1,"stat.pickup.cm.copper_ingot":1,"stat.leaveGame":1,"stat.killEntity.Slime":1,"stat.furnaceInteraction":2,"stat.craftItem.cm.copper_ingot_sword":1,"stat.useItem.minecraft.furnace":1,"stat.craftItem.cm.copper_ingot_axe":1,"stat.mobKills":3,"stat.useItem.cm.copper_block":3,"stat.craftItem.cm.copper_ingot":3,"stat.drop.cm.copper_ingot":1,"stat.useItem.minecraft.anvil":1,"stat.flyOneCm":37313,"stat.drop":3,"stat.jump":5,"stat.playOneMinute":13242,"stat.useItem.cm.copper_ore":1,"stat.sneakTime":76,"stat.craftItem.cm.copper_ingot_shovel":1,"stat.useItem.minecraft.enchanting_table":1,"stat.damageDealt":159,"stat.pickup.cm.copper_block":1,"stat.crouchOneCm":125,"stat.timeSinceDeath":13242,"stat.sprintOneCm":1226,"stat.useItem.minecraft.crafting_table":1,"stat.useItem.minecraft.spawn_egg":2,"stat.killEntity.Pig":2,"stat.drop.cm.copper_block":1,"stat.useItem.cm.copperbow":3,"stat.drop.cm.copper_nugget":1,"stat.craftItem.cm.copper_block":6,"stat.craftingTableInteraction":1,"stat.useItem.cm.copper_ingot_sword":9}