{"stat.killEntity.Skeleton":1,"stat.walkOneCm":17779,"stat.pickup.minecraft.bone":2,"stat.pigOneCm":20871,"stat.killEntity.Chicken":4,"stat.leaveGame":1,"stat.pickup.minecraft.arrow":1,"stat.damageTaken":110,"stat.pickup.minecraft.feather":6,"stat.killEntity.Wolf":2,"stat.useItem.cm.copper_ingot_hoe":1,"stat.mobKills":12,"stat.pickup.minecraft.cobblestone":2,"stat.mineBlock.minecraft.coal_ore":2,"stat.useItem.minecraft.carrot_on_a_stick":1,"stat.mineBlock.minecraft.log":3,"stat.useItem.cm.copper_ingot_shovel":3,"stat.killEntity.Llama":4,"stat.pickup.minecraft.log":1,"stat.flyOneCm":21210,"stat.pickup.minecraft.wheat_seeds":1,"stat.jump":119,"stat.useItem.cm.copper_ingot_axe":3,"stat.swimOneCm":2850,"stat.playOneMinute":9978,"stat.pickup.minecraft.coal":1,"stat.fallOneCm":2285,"stat.useItem.cm.copper_ingot_pickaxe":7,"stat.sneakTime":11,"stat.damageDealt":1061,"stat.pickup.minecraft.porkchop":2,"stat.mineBlock.minecraft.iron_ore":1,"stat.pickup.minecraft.chicken":4,"stat.timeSinceDeath":9978,"stat.pickup.minecraft.redstone_ore":1,"stat.pickup.minecraft.dirt":2,"stat.sprintOneCm":12426,"stat.mineBlock.minecraft.dirt":2,"stat.useItem.minecraft.stone_slab2":24,"stat.pickup.minecraft.bow":1,"stat.mineBlock.minecraft.stone":2,"stat.killEntity.Pig":1,"stat.mineBlock.minecraft.tallgrass":3,"stat.diveOneCm":4899,"stat.useItem.cm.copper_ingot_sword":40,"stat.pickup.minecraft.iron_ore":1}