{"stat.walkOneCm":19620,"stat.leaveGame":1,"stat.craftItem.minecraft.crafting_table":1,"stat.useItem.minecraft.lava_bucket":11,"stat.pickup.minecraft.redstone_block":2,"stat.pickup.minecraft.log":1,"stat.mineBlock.minecraft.gold_block":1,"stat.jump":130,"stat.fallOneCm":2568,"stat.useItem.cm.copper_ingot_pickaxe":13,"stat.pickup.minecraft.porkchop":5,"stat.pickup.cm.copper_block":1,"stat.crouchOneCm":274,"stat.craftItem.minecraft.iron_ingot":9,"stat.pickup.minecraft.sapling":1,"stat.pickup.minecraft.dirt":1,"stat.sprintOneCm":11531,"stat.useItem.minecraft.stone_slab2":27,"stat.mineBlock.minecraft.iron_block":1,"stat.useItem.minecraft.cooked_chicken":1,"stat.useItem.cm.copper_ingot_sword":9,"stat.craftingTableInteraction":1,"stat.pickup.cm.copper_ingot":1,"stat.craftItem.minecraft.bucket":1,"stat.craftItem.minecraft.planks":4,"stat.mineBlock.cm.copper_block":1,"stat.damageTaken":130,"stat.pickup.minecraft.cobblestone":4,"stat.mobKills":2,"stat.mineBlock.minecraft.log":1,"stat.pickup.minecraft.gold_block":2,"stat.useItem.minecraft.bucket":1,"stat.drop.cm.copper_ingot":1,"stat.mineBlock.minecraft.redstone_block":1,"stat.flyOneCm":106763,"stat.deaths":1,"stat.drop":1,"stat.mineBlock.minecraft.leaves":3,"stat.playOneMinute":8552,"stat.sneakTime":138,"stat.pickup.minecraft.diamond_block":1,"stat.pickup.minecraft.wool":1,"stat.damageDealt":200,"stat.pickup.minecraft.iron_block":2,"stat.timeSinceDeath":2292,"stat.useItem.minecraft.iron_pickaxe":4,"stat.mineBlock.minecraft.dirt":2,"stat.mineBlock.minecraft.stone":4,"stat.killEntity.Pig":2,"stat.mineBlock.minecraft.tallgrass":2,"stat.pickup.minecraft.cooked_mutton":1}