{"stat.pickup.cm.copper_ingot_sword":1,"stat.craftItem.cm.copper_nugget":9,"stat.walkOneCm":61,"stat.pickup.cm.copper_ingot":1,"stat.drop.cm.copper_ingot_hoe":1,"stat.leaveGame":1,"stat.furnaceInteraction":2,"stat.useItem.cm.copper_ingot_hoe":2,"stat.mobKills":1,"stat.useItem.cm.copper_block":1,"stat.craftItem.cm.copper_ingot":3,"stat.drop.cm.copper_ingot":1,"stat.flyOneCm":18437,"stat.drop":5,"stat.jump":1,"stat.playOneMinute":3158,"stat.pickup.cm.copper_ingot_shovel":1,"stat.useItem.cm.copper_ore":1,"stat.killEntity.Sheep":1,"stat.sneakTime":72,"stat.damageDealt":80,"stat.timeSinceDeath":3158,"stat.drop.cm.copper_ingot_shovel":1,"stat.useItem.minecraft.stone_slab2":3,"stat.drop.cm.copper_ingot_sword":1,"stat.drop.cm.copper_ingot_axe":1,"stat.pickup.minecraft.mutton":2,"stat.craftItem.cm.copper_block":1,"stat.craftingTableInteraction":4,"stat.useItem.cm.copper_ingot_sword":2}