{"stat.useItem.minecraft.bow":8,"stat.useItem.cm.copper_bow":14,"stat.flyOneCm":7916,"stat.walkOneCm":8597,"stat.jump":25,"stat.playOneMinute":8507,"stat.killEntity.Sheep":7,"stat.leaveGame":1,"stat.sneakTime":700,"stat.pickup.minecraft.wool":4,"stat.damageDealt":80,"stat.crouchOneCm":1588,"stat.timeSinceDeath":8507,"stat.sprintOneCm":489,"stat.mobKills":7,"stat.useItem.minecraft.spawn_egg":3,"stat.useItem.minecraft.stone_slab2":2,"stat.useItem.cm.copper_block":36,"stat.pickup.minecraft.mutton":6,"stat.useItem.cm.copper_ingot_sword":2}