{"stat.flyOneCm":28317,"stat.killEntity.Skeleton":2,"stat.walkOneCm":9651,"stat.pickup.minecraft.bone":5,"stat.jump":11,"stat.swimOneCm":2005,"stat.playOneMinute":3909,"stat.useItem.minecraft.iron_sword":8,"stat.sneakTime":243,"stat.pickup.minecraft.arrow":2,"stat.useItem.minecraft.stone_sword":3,"stat.damageDealt":1012,"stat.crouchOneCm":134,"stat.killEntity.Wolf":2,"stat.timeSinceDeath":3909,"stat.killEntity.Squid":2,"stat.mobKills":8,"stat.sprintOneCm":3883,"stat.useItem.minecraft.spawn_egg":11,"stat.diveOneCm":3799,"stat.pickup.minecraft.dye":4,"stat.useItem.cm.copper_ingot_sword":23}